duration,x^0     ,x^1     ,x^2     ,x^3     ,x^4     ,x^5     ,x^6     ,x^7     ,y^0     ,y^1     ,y^2     ,y^3     ,y^4     ,y^5     ,y^6     ,y^7     ,z^0     ,z^1     ,z^2     ,z^3     ,z^4     ,z^5     ,z^6     ,z^7     ,yaw^0   ,yaw^1   ,yaw^2   ,yaw^3   ,yaw^4   ,yaw^5   ,yaw^6   ,yaw^7   
3.000000,0.000000,0.000000,0.000000,0.000000,0.000000,0.000000,0.000000,0.000000,0.000000,0.000000,0.000000,0.000000,-0.086420,0.069136,-0.019204,0.001829,0.000000,0.000000,0.000000,0.000000,0.604938,-0.483951,0.134431,-0.012803,0.000000,0.000000,0.000000,0.000000,0.000000,0.000000,0.000000,0.000000
