duration,x^0     ,x^1     ,x^2     ,x^3     ,x^4     ,x^5     ,x^6     ,x^7     ,y^0     ,y^1     ,y^2     ,y^3     ,y^4     ,y^5     ,y^6     ,y^7     ,z^0     ,z^1     ,z^2     ,z^3     ,z^4     ,z^5     ,z^6     ,z^7     ,yaw^0   ,yaw^1   ,yaw^2   ,yaw^3   ,yaw^4   ,yaw^5   ,yaw^6   ,yaw^7   
3.000000,-0.500000,0.000000,0.000000,0.000000,0.131173,-0.085743,0.019962,-0.001642,-1.000000,0.000000,0.000000,0.000000,0.234568,-0.155014,0.036135,-0.002960,0.000000,0.000000,0.000000,0.000000,0.009259,-0.005491,0.001263,-0.000108,0.000000,0.000000,0.000000,0.000000,0.000000,0.000000,0.000000,0.000000
3.000000,0.250000,0.164474,-0.194444,-0.019493,0.012183,0.020766,-0.009476,0.001101,0.200000,0.131579,-0.388889,-0.015595,0.009747,0.051180,-0.021984,0.002527,0.100000,0.065789,-0.000000,-0.007797,0.004873,-0.003216,0.001011,-0.000108,0.000000,0.000000,0.000000,0.000000,0.000000,0.000000,0.000000,0.000000
